{
  "scans_played": 2480,
  "groundtruth_queries_with_loop": 739,
  "groundtruth_total_loop_pairs": 7604,
  "detected_loop_edges": 46,
  "loop_closure_events": 42,
  "true_positive": 46,
  "false_positive": 0,
  "false_negative": 693,
  "precision": 1.0,
  "recall": 0.06224627875507442,
  "f1": 0.11719745222929936,
  "per_frame_median_ms": 0.2056724624708295,
  "corrected_odometry_samples": 1255,
  "ate_meters": 4.210406633484861e-11,
  "ate_samples": 1255,
  "wallclock_seconds": 390.5269734279718,
  "sequence_id": 8,
  "peak_rss_mb": 6263.80859375,
  "git_sha": "4de7ca1e6f0792cb095b239c17bab7d476f4362a_dirty"
}
