{
  "scans_played": 2848,
  "groundtruth_queries_with_loop": 569,
  "groundtruth_total_loop_pairs": 4789,
  "detected_loop_edges": 17,
  "loop_closure_events": 17,
  "true_positive": 17,
  "false_positive": 0,
  "false_negative": 552,
  "precision": 1.0,
  "recall": 0.029876977152899824,
  "f1": 0.05802047781569966,
  "per_frame_median_ms": 0.2112415386363864,
  "corrected_odometry_samples": 1421,
  "ate_meters": 1.721427084056831e-11,
  "ate_samples": 1421,
  "wallclock_seconds": 329.0053384699859,
  "sequence_id": 4,
  "peak_rss_mb": 9555.25,
  "git_sha": "31c82d25f24bc37baa746efe06618111c2efee66"
}