{
  "scans_played": 2480,
  "groundtruth_queries_with_loop": 739,
  "groundtruth_total_loop_pairs": 7604,
  "detected_loop_edges": 53,
  "loop_closure_events": 53,
  "true_positive": 53,
  "false_positive": 0,
  "false_negative": 686,
  "precision": 1.0,
  "recall": 0.07171853856562922,
  "f1": 0.13383838383838384,
  "per_frame_median_ms": 0.20565511658787727,
  "corrected_odometry_samples": 1276,
  "ate_meters": 4.6445124810053607e-11,
  "ate_samples": 1276,
  "wallclock_seconds": 284.19498343090527,
  "sequence_id": 8,
  "peak_rss_mb": 9422.0625,
  "git_sha": "31c82d25f24bc37baa746efe06618111c2efee66"
}