{
  "scans_played": 3012,
  "groundtruth_queries_with_loop": 975,
  "groundtruth_total_loop_pairs": 9315,
  "detected_loop_edges": 75,
  "loop_closure_events": 73,
  "true_positive": 70,
  "false_positive": 5,
  "false_negative": 905,
  "precision": 0.9333333333333333,
  "recall": 0.07179487179487179,
  "f1": 0.1333333333333333,
  "per_frame_median_ms": 0.2106926403939724,
  "corrected_odometry_samples": 1407,
  "ate_meters": 5.38580340761394e-10,
  "ate_samples": 1407,
  "wallclock_seconds": 449.9420808390714,
  "sequence_id": 2,
  "peak_rss_mb": 10117.328125,
  "git_sha": "31c82d25f24bc37baa746efe06618111c2efee66"
}